Day,MIP-3H Gas (MCF),MIP-3H Cum Gas (MMCF)
12/2/2015,0,0
12/3/2015,0,0
12/4/2015,0,0
12/5/2015,0,0
12/6/2015,0,0
12/7/2015,0,0
12/8/2015,0,0
12/9/2015,0,0
12/10/2015,0,0
12/11/2015,0,0
12/12/2015,664.91,0.66
12/13/2015,2943.99,3.61
12/14/2015,4305.03,7.91
12/15/2015,4740.15,12.65
12/16/2015,5462.38,18.12
12/17/2015,1354.16,19.47
12/18/2015,1945.04,21.42
12/19/2015,3196.64,24.61
12/20/2015,2895.78,27.51
12/21/2015,2917.1,30.43
12/22/2015,2225.29,32.65
12/23/2015,2475.46,35.13
12/24/2015,2035.66,37.16
12/25/2015,2365.87,39.53
12/26/2015,1799.66,41.33
12/27/2015,2590.96,43.92
12/28/2015,3196.49,47.11
12/29/2015,3799.96,50.91
12/30/2015,2659.4,53.57
12/31/2015,3924.06,57.5
1/1/2016,5917.23,63.42
1/2/2016,6145.45,69.56
1/3/2016,4142.8,73.7
1/4/2016,4074.37,77.78
1/5/2016,4057.66,81.84
1/6/2016,3849.8,85.69
1/7/2016,3751.4,89.44
1/8/2016,3494.67,92.93
1/9/2016,3462.49,96.39
1/10/2016,3157.14,99.55
1/11/2016,3219.27,102.77
1/12/2016,2898.89,105.67
1/13/2016,2378.04,108.05
1/14/2016,3703.35,111.75
1/15/2016,3342.16,115.09
1/16/2016,3107.91,118.2
1/17/2016,3028.51,121.23
1/18/2016,3068.8,124.3
1/19/2016,4119.02,128.42
1/20/2016,4445.11,132.86
1/21/2016,4275.2,137.14
1/22/2016,4496.11,141.63
1/23/2016,4494.03,146.13
1/24/2016,4563.59,150.69
1/25/2016,4540.97,155.23
1/26/2016,4656.5,159.89
1/27/2016,4633.13,164.52
1/28/2016,4607.09,169.13
1/29/2016,4725.39,173.85
1/30/2016,4753.78,178.61
1/31/2016,3919.84,182.53
2/1/2016,2905.64,185.43
2/2/2016,3097.77,188.53
2/3/2016,3140.86,191.67
2/4/2016,3135.94,194.81
2/5/2016,5227.11,200.04
2/6/2016,4601.63,204.64
2/7/2016,4446.22,209.08
2/8/2016,4498.67,213.58
2/9/2016,4537.02,218.12
2/10/2016,5327.66,223.45
2/11/2016,5839.31,229.29
2/12/2016,5497.22,234.78
2/13/2016,4310.33,239.09
2/14/2016,4290.83,243.38
2/15/2016,4283.41,247.67
2/16/2016,5291.52,252.96
2/17/2016,3730.97,256.69
2/18/2016,4350.89,261.04
2/19/2016,4329.45,265.37
2/20/2016,2981.56,268.35
2/21/2016,2225.91,270.58
2/22/2016,2583.63,273.16
2/23/2016,3882,277.04
2/24/2016,2927.19,279.97
2/25/2016,2769.31,282.74
2/26/2016,3981.03,286.72
2/27/2016,3920.06,290.64
2/28/2016,3811.59,294.45
2/29/2016,1103.72,295.56
3/1/2016,2846.66,298.4
3/2/2016,1179.13,299.58
3/3/2016,3501.88,303.08
3/4/2016,3539.53,306.62
3/5/2016,3612.31,310.24
3/6/2016,3087.38,313.32
3/7/2016,1789.69,315.11
3/8/2016,3147.16,318.26
3/9/2016,2495.59,320.76
3/10/2016,2491.56,323.25
3/11/2016,1727.25,324.97
3/12/2016,2371.53,327.35
3/13/2016,2511.28,329.86
3/14/2016,2545.44,332.4
3/15/2016,962.88,333.37
3/16/2016,2008.56,335.37
3/17/2016,2056,337.43
3/18/2016,2503.38,339.93
3/19/2016,2771.75,342.71
3/20/2016,2795.5,345.5
3/21/2016,2913.94,348.41
3/22/2016,2945.13,351.36
3/23/2016,2938.78,354.3
3/24/2016,2927.94,357.23
3/25/2016,1656.03,358.88
3/26/2016,2412.5,361.29
3/27/2016,2444.66,363.74
3/28/2016,2361.63,366.1
3/29/2016,1990.94,368.09
3/30/2016,2249.63,370.34
3/31/2016,3306.97,373.65
4/1/2016,2339.59,375.99
4/2/2016,3085.16,379.07
4/3/2016,3582.94,382.66
4/4/2016,3447.13,386.1
4/5/2016,3467.75,389.57
4/6/2016,3853.75,393.43
4/7/2016,4328.69,397.75
4/8/2016,5035.66,402.79
4/9/2016,5265.06,408.05
4/10/2016,5263.28,413.32
4/11/2016,4162.03,417.48
4/12/2016,3150.16,420.63
4/13/2016,3814.53,424.44
4/14/2016,4103.94,428.55
4/15/2016,2747.59,431.3
4/16/2016,2411.19,433.71
4/17/2016,2507.06,436.21
4/18/2016,2159.09,438.37
4/19/2016,2148.94,440.52
4/20/2016,2570,443.09
4/21/2016,3108.56,446.2
4/22/2016,2709.63,448.91
4/23/2016,2440.97,451.35
4/24/2016,2836.88,454.19
4/25/2016,2593.13,456.78
4/26/2016,1533.09,458.31
4/27/2016,1939.47,460.25
4/28/2016,2065.59,462.32
4/29/2016,2175.53,464.5
4/30/2016,2240.88,466.74
5/1/2016,2145.72,468.88
5/2/2016,2032.94,470.91
5/3/2016,2050.53,472.97
5/4/2016,2286.66,475.25
5/5/2016,2624.72,477.88
5/6/2016,2786.56,480.66
5/7/2016,2372.56,483.04
5/8/2016,1210.84,484.25
5/9/2016,2123.25,486.37
5/10/2016,2962.09,489.33
5/11/2016,2326.28,491.66
5/12/2016,1928.06,493.59
5/13/2016,1148.13,494.73
5/14/2016,1620.47,496.35
5/15/2016,3122.16,499.48
5/16/2016,3308.31,502.79
5/17/2016,2836.41,505.62
5/18/2016,2753.56,508.38
5/19/2016,3277.94,511.65
5/20/2016,2315.09,513.97
5/21/2016,1429.09,515.4
5/22/2016,1955.41,517.35
5/23/2016,2364.16,519.72
5/24/2016,1618.56,521.34
5/25/2016,1936.28,523.27
5/26/2016,1924.28,525.2
5/27/2016,1936.69,527.13
5/28/2016,3114.56,530.25
5/29/2016,1134.38,531.38
5/30/2016,502.75,531.88
5/31/2016,1305.69,533.19
6/1/2016,1287,534.48
6/2/2016,1260.81,535.74
6/3/2016,1176.69,536.91
6/4/2016,1587.19,538.5
6/5/2016,1605.5,540.11
6/6/2016,1741.13,541.85
6/7/2016,1640.31,543.49
6/8/2016,1826.88,545.32
6/9/2016,2071.13,547.39
6/10/2016,1962.19,549.35
6/11/2016,1778.56,551.13
6/12/2016,1626.13,552.75
6/13/2016,1855.06,554.61
6/14/2016,1810.56,556.42
6/15/2016,1794.25,558.21
6/16/2016,1668.13,559.88
6/17/2016,1822.69,561.7
6/18/2016,1751.69,563.46
6/19/2016,1575.44,565.03
6/20/2016,1478.06,566.51
6/21/2016,1603.44,568.11
6/22/2016,1613.94,569.73
6/23/2016,1650.44,571.38
6/24/2016,1749.63,573.13
6/25/2016,1616.63,574.74
6/26/2016,1530.75,576.27
6/27/2016,2492,578.77
6/28/2016,2518.19,581.28
6/29/2016,2672.88,583.96
6/30/2016,2568.63,586.53
7/1/2016,1612.56,588.14
7/2/2016,1546.44,589.69
7/3/2016,1531.56,591.22
7/4/2016,1510.94,592.73
7/5/2016,2248,594.98
7/6/2016,1532.88,596.51
7/7/2016,2028.19,598.54
7/8/2016,1622.75,600.16
7/9/2016,1812.38,601.97
7/10/2016,1731.38,603.7
7/11/2016,1968.25,605.67
7/12/2016,1962.38,607.63
7/13/2016,1735.38,609.37
7/14/2016,1661.63,611.03
7/15/2016,1684.69,612.72
7/16/2016,1722.44,614.44
7/17/2016,1523.06,615.96
7/18/2016,0,615.96
7/19/2016,1804.94,617.77
7/20/2016,2091.56,619.86
7/21/2016,2148.31,622.01
7/22/2016,1538.88,623.54
7/23/2016,1605.06,625.15
7/24/2016,1647.69,626.8
7/25/2016,1791.06,628.59
7/26/2016,679.81,629.27
7/27/2016,1602.13,630.87
7/28/2016,1565.56,632.44
7/29/2016,1234.44,633.67
7/30/2016,1805.25,635.48
7/31/2016,1121.06,636.6
8/1/2016,1472.75,638.07
8/2/2016,1765.69,639.84
8/3/2016,1667.63,641.5
8/4/2016,992.56,642.5
8/5/2016,1796.81,644.29
8/6/2016,668.19,644.96
8/7/2016,1896.75,646.86
8/8/2016,1772.94,648.63
8/9/2016,1875.5,650.51
8/10/2016,1167.81,651.67
8/11/2016,1682.19,653.36
8/12/2016,1553.75,654.91
8/13/2016,1458.19,656.37
8/14/2016,763.81,657.13
8/15/2016,1420.31,658.55
8/16/2016,1528,660.08
8/17/2016,1307.06,661.39
8/18/2016,1245.44,662.63
8/19/2016,1601.06,664.23
8/20/2016,1534.25,665.77
8/21/2016,1620.13,667.39
8/22/2016,1558.5,668.95
8/23/2016,394.25,669.34
8/24/2016,1910.06,671.25
8/25/2016,1652.44,672.9
8/26/2016,1519.94,674.42
8/27/2016,324.06,674.75
8/28/2016,1599.13,676.35
8/29/2016,1490.44,677.84
8/30/2016,1270.69,679.11
8/31/2016,1711.06,680.82
9/1/2016,1008.94,681.83
9/2/2016,1574.5,683.4
9/3/2016,1682.94,685.08
9/4/2016,1480.19,686.56
9/5/2016,1577.81,688.14
9/6/2016,1730.38,689.87
9/7/2016,1806.13,691.68
9/8/2016,1545.06,693.22
9/9/2016,1546.19,694.77
9/10/2016,1641.81,696.41
9/11/2016,1746.94,698.16
9/12/2016,2131.5,700.29
9/13/2016,1151.06,701.44
9/14/2016,1990.25,703.43
9/15/2016,1971.94,705.4
9/16/2016,1267.44,706.67
9/17/2016,470.81,707.14
9/18/2016,719.19,707.86
9/19/2016,1233,709.09
9/20/2016,1865.81,710.96
9/21/2016,1650.19,712.61
9/22/2016,1648.19,714.26
9/23/2016,1821,716.08
9/24/2016,1562.75,717.64
9/25/2016,1696.69,719.34
9/26/2016,1660,721
9/27/2016,1720.5,722.72
9/28/2016,1876.94,724.6
9/29/2016,1104.88,725.7
9/30/2016,0,725.7
10/1/2016,242.56,725.94
10/2/2016,16.88,725.96
10/3/2016,0.63,725.96
10/4/2016,1034.44,727
10/5/2016,2513.63,729.51
10/6/2016,179.63,729.69
10/7/2016,1636.56,731.33
10/8/2016,1941.06,733.27
10/9/2016,2349.44,735.62
10/10/2016,2508.75,738.12
10/11/2016,3336.19,741.46
10/12/2016,3540.75,745
10/13/2016,3291,748.29
10/14/2016,3638.44,751.93
10/15/2016,3695.88,755.63
10/16/2016,3273.31,758.9
10/17/2016,1898.13,760.8
10/18/2016,2801.69,763.6
10/19/2016,2914,766.51
10/20/2016,1054.56,767.57
10/21/2016,1854.31,769.42
10/22/2016,1279.75,770.7
10/23/2016,1448.63,772.15
10/24/2016,1256.31,773.41
10/25/2016,2108,775.52
10/26/2016,1529,777.04
10/27/2016,2098.69,779.14
10/28/2016,1397,780.54
10/29/2016,1983.38,782.52
10/30/2016,3390.94,785.91
10/31/2016,3318.63,789.23
11/1/2016,2043.56,791.28
11/2/2016,878,792.15
11/3/2016,0,792.15
11/4/2016,459.06,792.61
11/5/2016,1608.38,794.22
11/6/2016,511.25,794.73
11/7/2016,0,794.73
11/8/2016,73.69,794.81
11/9/2016,0.06,794.81
11/10/2016,26.25,794.83
11/11/2016,1513.94,796.35
11/12/2016,2335.56,798.68
11/13/2016,1890,800.57
11/14/2016,1404.75,801.98
11/15/2016,0.06,801.98
11/16/2016,0,801.98
11/17/2016,1696.5,803.67
11/18/2016,1754,805.43
11/19/2016,2242.88,807.67
11/20/2016,1002.31,808.67
11/21/2016,0.19,808.67
11/22/2016,1822.63,810.5
11/23/2016,2647.5,813.14
11/24/2016,2125.69,815.27
11/25/2016,579.56,815.85
11/26/2016,2093.81,817.94
11/27/2016,1277.56,819.22
11/28/2016,2018.63,821.24
11/29/2016,52.69,821.29
11/30/2016,0.06,821.29
12/1/2016,5.81,821.3
12/2/2016,0,821.3
12/3/2016,0,821.3
12/4/2016,0,821.3
12/5/2016,0.06,821.3
12/6/2016,0.25,821.3
12/7/2016,2296.5,823.59
12/8/2016,4327.63,827.92
12/9/2016,4704.75,832.63
12/10/2016,5668.63,838.3
12/11/2016,5697.25,843.99
12/12/2016,5721.44,849.71
12/13/2016,5786.88,855.5
12/14/2016,5979.13,861.48
12/15/2016,6141,867.62
12/16/2016,6315.19,873.94
12/17/2016,5888.5,879.82
12/18/2016,3206.44,883.03
12/19/2016,4800.63,887.83
12/20/2016,1010.19,888.84
12/21/2016,5666.38,894.51
12/22/2016,5787.19,900.3
12/23/2016,5799.81,906.1
12/24/2016,5723.69,911.82
12/25/2016,5530.13,917.35
12/26/2016,5418.56,922.77
12/27/2016,4244.88,927.01
12/28/2016,4587.5,931.6
12/29/2016,4680.25,936.28
12/30/2016,4933.69,941.21
12/31/2016,2643.56,943.86
1/1/2017,4451.25,948.31
1/2/2017,5548.56,953.86
1/3/2017,5604.38,959.46
1/4/2017,5562.44,965.02
1/5/2017,6020.25,971.04
1/6/2017,7001.56,978.05
1/7/2017,5940.5,983.99
1/8/2017,7167.94,991.15
1/9/2017,7007.5,998.16
1/10/2017,6839.25,1005
1/11/2017,5993.79,1011
1/12/2017,6022.89,1017.02
1/13/2017,3655.02,1020.67
1/14/2017,5893.27,1026.57
1/15/2017,5732.47,1032.3
1/16/2017,5908.15625,1038.208156
1/17/2017,6641.855469,1044.850012
1/18/2017,6231.101563,1051.081113
1/19/2017,5718.121094,1056.799234
1/20/2017,174.421875,1056.973656
1/21/2017,5397.496094,1062.371152
1/22/2017,5113.492188,1067.484645
1/23/2017,5272.960938,1072.757605
1/24/2017,0,1072.757605
1/25/2017,0,1072.757605
1/26/2017,0,1072.757605
1/27/2017,0,1072.757605
1/28/2017,0,1072.757605
1/29/2017,0,1072.757605
1/30/2017,0,1072.757605
1/31/2017,0,1072.757605
2/1/2017,0,1072.757605
2/2/2017,0,1072.757605
2/3/2017,0,1072.757605
2/4/2017,2540.804688,1075.29841
2/5/2017,3544.476563,1078.842887
2/6/2017,4351.929688,1083.194816
2/7/2017,4578.34375,1087.77316
2/8/2017,4402.390625,1092.175551
2/9/2017,5938.257813,1098.113809
2/10/2017,3338.390625,1101.452199
2/11/2017,3102.539063,1104.554738
2/12/2017,4096.921875,1108.65166
2/13/2017,4031.359375,1112.68302
2/14/2017,4954.28125,1117.637301
2/15/2017,5606.125,1123.243426
2/16/2017,5359.34375,1128.60277
2/17/2017,5431.703125,1134.034473
2/18/2017,5554.1875,1139.58866
2/19/2017,5032.9375,1144.621598
2/20/2017,5564.828125,1150.186426
2/21/2017,5254.828125,1155.441254
2/22/2017,4383.953125,1159.825207
2/23/2017,3835.578125,1163.660785
2/24/2017,3624.9375,1167.285723
2/25/2017,2746.171875,1170.031895
2/26/2017,5230.296875,1175.262191
2/27/2017,3540.953125,1178.803145
2/28/2017,5946.859375,1184.750004
3/1/2017,5387.296875,1190.137301
3/2/2017,4898.98,1195.036281
3/3/2017,4741.88,1199.778161
3/4/2017,670.45,1200.448611
3/5/2017,0,1200.448611
3/6/2017,0,1200.448611
3/7/2017,0,1200.448611
3/8/2017,1895.45,1202.344061
3/9/2017,3039.19,1205.383251
3/10/2017,3459.73,1208.842981
3/11/2017,5568.25,1214.411231
3/12/2017,5797.75,1220.208981
3/13/2017,3752.84,1223.961821
3/14/2017,4118.95,1228.080771
3/15/2017,4107.81,1232.188581
3/16/2017,4080.98,1236.269561
3/17/2017,4457.36,1240.726921
3/18/2017,4559.02,1245.285941
3/19/2017,4210.02,1249.495961
3/20/2017,4468.59,1253.964551
3/21/2017,4616.02,1258.580571
3/22/2017,3778.63,1262.359201
3/23/2017,4803.91,1267.163111
3/24/2017,3206.22,1270.369331
3/25/2017,2291.72,1272.661051
3/26/2017,1970,1274.631051
3/27/2017,2566.81,1277.197861
3/28/2017,2325.56,1279.523421
3/29/2017,3107.34,1282.630761
3/30/2017,627.66,1283.258421
3/31/2017,2034.81,1285.293231
4/1/2017,2608.78,1287.902011
4/2/2017,2924.25,1290.826261
4/3/2017,2523.66,1293.349921
4/4/2017,1355.88,1294.705801
4/5/2017,3560.22,1298.266021
4/6/2017,2921,1301.187021
4/7/2017,3959.44,1305.146461
4/8/2017,4829.16,1309.975621
4/9/2017,3836.13,1313.811751
4/10/2017,2690.66,1316.502411
4/11/2017,2121.5,1318.623911
4/12/2017,3040.63,1321.664541
4/13/2017,4394.59,1326.059131
4/14/2017,4948.56,1331.007691
4/15/2017,2914.09,1333.921781
4/16/2017,2216.75,1336.138531
4/17/2017,1994.66,1338.133191
4/18/2017,982.91,1339.116101
4/19/2017,81.97,1339.198071
4/20/2017,291,1339.489071
4/21/2017,1918.03,1341.407101
4/22/2017,2472.97,1343.880071
4/23/2017,3008.88,1346.888951
4/24/2017,2977.66,1349.866611
4/25/2017,3021.5,1352.888111
4/26/2017,1711.69,1354.599801
4/27/2017,189.81,1354.789611
4/28/2017,240.81,1355.030421
4/29/2017,250.91,1355.281331
4/30/2017,300.03,1355.581361
5/1/2017,308.63,1355.889991
5/2/2017,1656.53,1357.546521
5/3/2017,2780.91,1360.327431
5/4/2017,3481.06,1363.808491
5/5/2017,2968.69,1366.777181
5/6/2017,1160.59,1367.937771
5/7/2017,5689.88,1373.627651
5/8/2017,3985.78,1377.613431
5/9/2017,3877.56,1381.490991
5/10/2017,1130,1382.620991
5/11/2017,2043.22,1384.664211
5/12/2017,3079.94,1387.744151
5/13/2017,3529.06,1391.273211
5/14/2017,3065.56,1394.338771
5/15/2017,1590.41,1395.929181
5/16/2017,4032.56,1399.961741
5/17/2017,3385.5,1403.347241
5/18/2017,3564.06,1406.911301
5/19/2017,3341.19,1410.252491
5/20/2017,4314.03,1414.566521
5/21/2017,4630.66,1419.197181
5/22/2017,4843.31,1424.040491
5/23/2017,4465.41,1428.505901
5/24/2017,4346.97,1432.852871
5/25/2017,4322,1437.174871
5/26/2017,4408.66,1441.583531
5/27/2017,4053.41,1445.636941
5/28/2017,3765.47,1449.402411
5/29/2017,3585.75,1452.988161
5/30/2017,3797.66,1456.785821
5/31/2017,3744.75,1460.530571
6/1/2017,4142.69,1464.673261
6/2/2017,2016.38,1466.689641
6/3/2017,291.81,1466.981451
6/4/2017,3575.69,1470.557141
6/5/2017,3447.59,1474.004731
6/6/2017,3744.97,1477.749701
6/7/2017,3988.94,1481.738641
6/8/2017,4230.84,1485.969481
6/9/2017,3893.34,1489.862821
6/10/2017,3531.97,1493.394791
6/11/2017,3172.41,1496.567201
6/12/2017,3424.38,1499.991581
6/13/2017,3281.97,1503.273551
6/14/2017,3317.09,1506.590641
6/15/2017,3353.56,1509.944201
6/16/2017,3407.53,1513.351731
6/17/2017,3262.38,1516.614111
6/18/2017,3055.56,1519.669671
6/19/2017,3192.88,1522.862551
6/20/2017,3412.06,1526.274611
6/21/2017,3345.19,1529.619801
6/22/2017,3224.38,1532.844181
6/23/2017,3228.19,1536.072371
6/24/2017,3265.25,1539.337621
6/25/2017,3407.06,1542.744681
6/26/2017,3484.44,1546.229121
6/27/2017,3716.56,1549.945681
6/28/2017,3782.19,1553.727871
6/29/2017,3503.38,1557.231251
6/30/2017,3290.69,1560.521941
7/1/2017,3126.25,1563.648191
7/2/2017,3124.88,1566.773071
7/3/2017,3283.13,1570.056201
7/4/2017,3137.13,1573.193331
7/5/2017,3077.31,1576.270641
7/6/2017,3214.19,1579.484831
7/7/2017,3364.69,1582.849521
7/8/2017,3375.5,1586.225021
7/9/2017,3402.94,1589.627961
7/10/2017,3347.19,1592.975151
7/11/2017,3494.63,1596.469781
7/12/2017,1850.06,1598.319841
7/13/2017,607,1598.926841
7/14/2017,2925.56,1601.852401
7/15/2017,3149.63,1605.002031
7/16/2017,3687.75,1608.689781
7/17/2017,3500.75,1612.190531
7/18/2017,3354.56,1615.545091
7/19/2017,3153.75,1618.698841
7/20/2017,3078.06,1621.776901
7/21/2017,3131.44,1624.908341
7/22/2017,3160.56,1628.068901
7/23/2017,3186.69,1631.255591
7/24/2017,3537.56,1634.793151
7/25/2017,4300.69,1639.093841
7/26/2017,3450.06,1642.543901
7/27/2017,3605.38,1646.149281
7/28/2017,3498.44,1649.647721
7/29/2017,3286.94,1652.934661
7/30/2017,3231.38,1656.166041
7/31/2017,3069.44,1659.235481
8/1/2017,3213.25,1662.448731
8/2/2017,3263.88,1665.712611
8/3/2017,3012.31,1668.724921
8/4/2017,3184.69,1671.909611
8/5/2017,3132.06,1675.041671
8/6/2017,3175,1678.216671
8/7/2017,3125.88,1681.342551
8/8/2017,3189.13,1684.531681
8/9/2017,3241,1687.772681
8/10/2017,3363.31,1691.135991
8/11/2017,4441.44,1695.577431
8/12/2017,3279.5,1698.856931
8/13/2017,3456.31,1702.313241
8/14/2017,4938,1707.251241
8/15/2017,4914,1712.165241
8/16/2017,4349.06,1716.514301
8/17/2017,3421.13,1719.935431
8/18/2017,3143.63,1723.079061
8/19/2017,3144.38,1726.223441
8/20/2017,3109.06,1729.332501
8/21/2017,3162,1732.494501
8/22/2017,3240.25,1735.734751
8/23/2017,3214.19,1738.948941
8/24/2017,3430.94,1742.379881
8/25/2017,3487.44,1745.867321
8/26/2017,3448.56,1749.315881
8/27/2017,3327.25,1752.643131
8/28/2017,3371.75,1756.014881
8/29/2017,3576.13,1759.591011
8/30/2017,3598.44,1763.189451
8/31/2017,3405.38,1766.594831
9/1/2017,3547.31,1770.142141
9/2/2017,4058.25,1774.200391
9/3/2017,3492.19,1777.692581
9/4/2017,3316.06,1781.008641
9/5/2017,3287.19,1784.295831
9/6/2017,3475.13,1787.770961
9/7/2017,3791.31,1791.562271
9/8/2017,3980.38,1795.542651
9/9/2017,4771.31,1800.313961
9/10/2017,5278.56,1805.592521
9/11/2017,3982.38,1809.574901
9/12/2017,3940.88,1813.515781
9/13/2017,3802.06,1817.317841
9/14/2017,3659.5,1820.977341
9/15/2017,3803.81,1824.781151
9/16/2017,3806.88,1828.588031
9/17/2017,3516.56,1832.104591
9/18/2017,3756.19,1835.860781
9/19/2017,4005.5,1839.866281
9/20/2017,3719.81,1843.586091
9/21/2017,3655,1847.241091
9/22/2017,4911.75,1852.152841
9/23/2017,4333.94,1856.486781
9/24/2017,3325.94,1859.812721
9/25/2017,3316.44,1863.129161
9/26/2017,3450.19,1866.579351
9/27/2017,3678.56,1870.257911
9/28/2017,3907.38,1874.165291
9/29/2017,5352.75,1879.518041
9/30/2017,5108.31,1884.626351
10/1/2017,5162.56,1889.788911
10/2/2017,4967.06,1894.755971
10/3/2017,4500.31,1899.256281
10/4/2017,4541.69,1903.797971
10/5/2017,3697.13,1907.495101
10/6/2017,3996.56,1911.491661
10/7/2017,3550.13,1915.041791
10/8/2017,3284.94,1918.326731
10/9/2017,3420.25,1921.746981
10/10/2017,3464.88,1925.211861
10/11/2017,3491.81,1928.703671
10/12/2017,3620.88,1932.324551
10/13/2017,4931.5,1937.256051
10/14/2017,5216.63,1942.472681
10/15/2017,3758.75,1946.231431
10/16/2017,3733.69,1949.965121
10/17/2017,5124.38,1955.089501
10/18/2017,5123,1960.212501
10/19/2017,5036.06,1965.248561
10/20/2017,4533.38,1969.781941
10/21/2017,4655.63,1974.437571
10/22/2017,4084.81,1978.522381
10/23/2017,3512.88,1982.035261
10/24/2017,4382,1986.417261
10/25/2017,4940.56,1991.357821
10/26/2017,4950.23,1996.308051
10/27/2017,4896.5,2001.204551
10/28/2017,4794.11,2005.998661
10/29/2017,4817.07,2010.815731
10/30/2017,4812.7,2015.628431
10/31/2017,4744.04,2020.372471
11/1/2017,4682.35,2025.054821
11/2/2017,4707.7,2029.762521
11/3/2017,4679.25,2034.441771
11/4/2017,4667.42,2039.109191
11/5/2017,4629.56,2043.738751
11/6/2017,4231.79,2047.970541
11/7/2017,4653.27,2052.623811
11/8/2017,4628.75,2057.252561
11/9/2017,4564.87,2061.817431
11/10/2017,4541.47,2066.358901
11/11/2017,4541.64,2070.900541
11/12/2017,4512.17,2075.412711
11/13/2017,4484.01,2079.896721
11/14/2017,4463.41,2084.360131
11/15/2017,4451.33,2088.811461
11/16/2017,4434.66,2093.246121
11/17/2017,4414.43,2097.660551
11/18/2017,4402.23,2102.062781
11/19/2017,4385.09,2106.447871
11/20/2017,4397.34,2110.845211
11/21/2017,4356.2,2115.201411
11/22/2017,4334.03,2119.535441
11/23/2017,4324.72,2123.860161
11/24/2017,4309.71,2128.169871
11/25/2017,5010.38,2133.180251
11/26/2017,3560.88,2136.741131
11/27/2017,4275.84,2141.016971
11/28/2017,4193.59,2145.210561
11/29/2017,4078.48,2149.289041
11/30/2017,4219.31,2153.508351
12/1/2017,4266.19,2157.774541
12/2/2017,4261.77,2162.036311
12/3/2017,4246.58,2166.282891
12/4/2017,4230.59,2170.513481
12/5/2017,4217.72,2174.731201
12/6/2017,4210.03,2178.941231
12/7/2017,4202.23,2183.143461
12/8/2017,4188.39,2187.331851
12/9/2017,1712.58,2189.044431
12/10/2017,2827.95,2191.872381
12/11/2017,3342.84,2195.215221
12/12/2017,4653.5,2199.868721
12/13/2017,2772.88,2202.641601
12/14/2017,4693.73,2207.335331
12/15/2017,4337.14,2211.672471
12/16/2017,3406.63,2215.079101
12/17/2017,4199.08,2219.278181
12/18/2017,4168.89,2223.447071
12/19/2017,4153.64,2227.600711
12/20/2017,4140.75,2231.741461
12/21/2017,4128.52,2235.869981
12/22/2017,4112.41,2239.982391
12/23/2017,4098.44,2244.080831
12/24/2017,4091.7,2248.172531
12/25/2017,4085.06,2252.257591
12/26/2017,4074.88,2256.332471
12/27/2017,4064.22,2260.396691
12/28/2017,4048.47,2264.445161
12/29/2017,4030.47,2268.475631
12/30/2017,4016.25,2272.491881
12/31/2017,4006.63,2276.498511
1/1/2018,3998.5,2280.497011
1/2/2018,3979.03,2284.476041
1/3/2018,3826.09,2288.302131
1/4/2018,4000.38,2292.302511
1/5/2018,4082.78,2296.385291
1/6/2018,4093.94,2300.479231
1/7/2018,4074.81,2304.554041
1/8/2018,3969.22,2308.523261
1/9/2018,3952.5,2312.475761
1/10/2018,3948.28,2316.424041
1/11/2018,3943.31,2320.367351
1/12/2018,3892.16,2324.259511
1/13/2018,3928.53,2328.188041
1/14/2018,3930.97,2332.119011
1/15/2018,3941.97,2336.060981
1/16/2018,3652.78,2339.713761
1/17/2018,3930.16,2343.643921
1/18/2018,3913.41,2347.557331
1/19/2018,3831.03,2351.388361
1/20/2018,3855.34,2355.243701
1/21/2018,3715.97,2358.959671
1/22/2018,3329.03,2362.288701
1/23/2018,3842.75,2366.131451
1/24/2018,3882.72,2370.014171
1/25/2018,3858.59,2373.872761
1/26/2018,3852.91,2377.725671
1/27/2018,3845.34,2381.571011
1/28/2018,3841.41,2385.412421
1/29/2018,3833.63,2389.246051
1/30/2018,3820.44,2393.066491
1/31/2018,3822.91,2396.889401
2/1/2018,3803.16,2400.692561
2/2/2018,3803.06,2404.495621
2/3/2018,3803.63,2408.299251
2/4/2018,3792.16,2412.091411
2/5/2018,3792.91,2415.884321
2/6/2018,3789.81,2419.674131
2/7/2018,3779.88,2423.454011
2/8/2018,3779.03,2427.233041
2/9/2018,3767.03,2431.000071
2/10/2018,3755.81,2434.755881
2/11/2018,3504.84,2438.260721
2/12/2018,3603.84,2441.864561
2/13/2018,3711.81,2445.576371
2/14/2018,3754.16,2449.330531
2/15/2018,3744.94,2453.075471
2/16/2018,3374.09,2456.449561
2/17/2018,3793.63,2460.243191
2/18/2018,3743.22,2463.986411
2/19/2018,3731.13,2467.717541
2/20/2018,3635.75,2471.353291
2/21/2018,2620.69,2473.973981
2/22/2018,3377.59,2477.351571
2/23/2018,3877.19,2481.228761
2/24/2018,3656.63,2484.885391
2/25/2018,3756.69,2488.642081
2/26/2018,3739.38,2492.381461
2/27/2018,3717.09,2496.098551
2/28/2018,3716.5,2499.815051
3/1/2018,3709,2503.531551
3/2/2018,0,2507.240551
3/3/2018,0,2507.240551
3/4/2018,0,2507.240551
3/5/2018,346.31,2507.240551
3/6/2018,3960.5,2507.586861
3/7/2018,3281.13,2511.547361
3/8/2018,3390.19,2514.828491
3/9/2018,3583.69,2518.218681
3/10/2018,3863.56,2521.802371
3/11/2018,3780,2525.665931
3/12/2018,3727.69,2529.445931
3/13/2018,2139.19,2533.173621
3/14/2018,3543.19,2535.312811
3/15/2018,3892,2538.856001
3/16/2018,3778,2542.748001
3/17/2018,3731,2546.526001
3/18/2018,3708.75,2550.257001
3/19/2018,3698.31,2553.965751
3/20/2018,3684.81,2557.664061
3/21/2018,3681.13,2561.348871
3/22/2018,3668.63,2565.030001
3/23/2018,3659.94,2568.698631
3/24/2018,3655.88,2572.358571
3/25/2018,3646.5,2576.014451
3/26/2018,3067.81,2579.660951
3/27/2018,3838.25,2582.728761
3/28/2018,3675.75,2586.567011
3/29/2018,3518.94,2590.242761
3/30/2018,3403,2593.761701
3/31/2018,3664.63,2597.164701
4/1/2018,3632.75,2600.797451
4/2/2018,3632.44,2604.429891
4/3/2018,3627.19,2608.057081
4/4/2018,3609.13,2611.666211
4/5/2018,3612.5,2615.278711
4/6/2018,3597.75,2618.876461
4/7/2018,3558.63,2622.435091
4/8/2018,3595.25,2626.030341
4/9/2018,3575.06,2629.605401
4/10/2018,1163.19,2630.768591
4/11/2018,1096.19,2631.864781
4/12/2018,3689.5,2635.554281
4/13/2018,2477,2638.031281
4/14/2018,1309.5,2639.340781
4/15/2018,1682.75,2641.023531
4/16/2018,2367.06,2643.390591
4/17/2018,3795.69,2647.186281
4/18/2018,3824,2651.010281
4/19/2018,2227.75,2653.238031
4/20/2018,3744.69,2656.982721
4/21/2018,3807.31,2660.790031
4/22/2018,3768.69,2664.558721
4/23/2018,3349.56,2667.908281
4/24/2018,3185.44,2671.093721
4/25/2018,3603.88,2674.697601
4/26/2018,3436.31,2678.133911
4/27/2018,3518.44,2681.652351
4/28/2018,2107.31,2683.759661
4/29/2018,3027.19,2686.786851
4/30/2018,3619.25,2690.406101
5/1/2018,3310.69,2693.716791
5/2/2018,1985.94,2695.702731
5/3/2018,1540.06,2697.242791
5/4/2018,816.13,2698.058921
5/5/2018,1382.25,2699.441171
5/6/2018,1365.88,2700.807051
5/7/2018,963.94,2701.770991
5/8/2018,1463.19,2703.234181
5/9/2018,2790,2706.024181
5/10/2018,3030.31,2709.054491
5/11/2018,3004.06,2712.058551
5/12/2018,2879.31,2714.937861
5/13/2018,2035.5,2716.973361
5/14/2018,2056.25,2719.029611
5/15/2018,2496.63,2721.526241
5/16/2018,2270.56,2723.796801
5/17/2018,1589,2725.385801
5/18/2018,2663.63,2728.049431
5/19/2018,3379.69,2731.429121
5/20/2018,3372.94,2734.802061
5/21/2018,3357.25,2738.159311
5/22/2018,1750.13,2739.909441
5/23/2018,1433.31,2741.342751
5/24/2018,2053,2743.395751
5/25/2018,1769.75,2745.165501
5/26/2018,1701.44,2746.866941
5/27/2018,1889.44,2748.756381
5/28/2018,2025.38,2750.781761
5/29/2018,1873.38,2752.655141
5/30/2018,1195.81,2753.850951
5/31/2018,1322.19,2755.173141
6/1/2018,1238.38,2756.411521
6/2/2018,1250.19,2757.661711
6/3/2018,1230,2758.891711
6/4/2018,1366.13,2760.257841
6/5/2018,1781.19,2762.039031
6/6/2018,1529.38,2763.568411
6/7/2018,1677.25,2765.245661
6/8/2018,1330.81,2766.576471
6/9/2018,1630,2768.206471
6/10/2018,1419.44,2769.625911
6/11/2018,1638.19,2771.264101
6/12/2018,1477.31,2772.741411
6/13/2018,1800.69,2774.542101
6/14/2018,1922.06,2776.464161
6/15/2018,1439,2777.903161
6/16/2018,1461.13,2779.364291
6/17/2018,1729,2781.093291
6/18/2018,1845.56,2782.938851
6/19/2018,1337.63,2784.276481
6/20/2018,1431.38,2785.707861
6/21/2018,1049.88,2786.757741
6/22/2018,793,2787.550741
6/23/2018,801.69,2788.352431
6/24/2018,800.13,2789.152561
6/25/2018,1017.31,2790.169871
6/26/2018,1002.06,2791.171931
6/27/2018,1224.81,2792.396741
6/28/2018,1325.81,2793.722551
6/29/2018,659.25,2794.381801
6/30/2018,766.38,2795.148181
7/1/2018,743.31,2795.891491
7/2/2018,769.13,2796.660621
7/3/2018,145.25,2796.805871
7/4/2018,795.69,2797.601561
7/5/2018,1041.88,2798.643441
7/6/2018,1266.19,2799.909631
7/7/2018,1414.88,2801.324511
7/8/2018,1152.44,2802.476951
7/9/2018,243.19,2802.720141
7/10/2018,1276.13,2803.996271
7/11/2018,1197.25,2805.193521
7/12/2018,1386.88,2806.580401
7/13/2018,2093.56,2808.673961
7/14/2018,0,2808.673961
7/15/2018,1848.75,2810.522711
7/16/2018,2077.94,2812.600651
7/17/2018,2254.38,2814.855031
7/18/2018,1578.25,2816.433281
7/19/2018,1638.38,2818.071661
7/20/2018,1712.94,2819.784601
7/21/2018,1842.5,2821.627101
7/22/2018,1965.5,2823.592601
7/23/2018,2162.63,2825.755231
7/24/2018,2362.13,2828.117361
7/25/2018,2444.81,2830.562171
7/26/2018,2471.25,2833.033421
7/27/2018,1704.81,2834.738231
7/28/2018,1743.38,2836.481611
7/29/2018,2039.5,2838.521111
7/30/2018,2082.19,2840.603301
7/31/2018,2243.69,2842.846991
8/1/2018,2081,2844.927991
8/2/2018,1857.56,2846.785551
8/3/2018,2886.88,2849.672431
8/4/2018,2915.13,2852.587561
8/5/2018,2432.44,2855.020001
8/6/2018,1461.13,2856.481131
8/7/2018,1720.19,2858.201321
8/8/2018,1538.5,2859.739821
8/9/2018,2271.06,2862.010881
8/10/2018,1143,2863.153881
8/11/2018,1669.69,2864.823571
8/12/2018,2018.5,2866.842071
8/13/2018,2162.38,2869.004451
8/14/2018,2242.38,2871.246831
8/15/2018,1602.13,2872.848961
8/16/2018,1760.69,2874.609651
8/17/2018,1806,2876.415651
8/18/2018,1901.38,2878.317031
8/19/2018,1984.38,2880.301411
8/20/2018,2142.56,2882.443971
8/21/2018,2017.69,2884.461661
8/22/2018,2221.75,2886.683411
8/23/2018,2295.69,2888.979101
8/24/2018,1938.56,2890.917661
8/25/2018,1677.06,2892.594721
8/26/2018,2528.38,2895.123101
8/27/2018,2154.44,2897.277541
8/28/2018,2906.56,2900.184101
8/29/2018,3553.31,2903.737411
8/30/2018,3633.94,2907.371351
8/31/2018,3797.19,2911.168541
9/1/2018,3802.25,2914.970791
9/2/2018,3790.5,2918.761291
9/3/2018,3061.63,2921.822921
9/4/2018,2244,2924.066921
9/5/2018,2251.31,2926.318231
9/6/2018,1776.56,2928.094791
9/7/2018,2049.31,2930.144101
9/8/2018,2387.13,2932.531231
9/9/2018,2974.75,2935.505981
9/10/2018,3129.88,2938.635861
9/11/2018,76.38,2938.712241
9/12/2018,0,2938.712241
9/13/2018,0,2938.712241
9/14/2018,0,2938.712241
9/15/2018,0,2938.712241
9/16/2018,0,2938.712241
9/17/2018,0,2938.712241
9/18/2018,0,2938.712241
9/19/2018,0,2938.712241
9/20/2018,0,2938.712241
9/21/2018,0,2938.712241
9/22/2018,0,2938.712241
9/23/2018,0,2938.712241
9/24/2018,0,2938.712241
9/25/2018,0,2938.712241
9/26/2018,0,2938.712241
9/27/2018,0,2938.712241
9/28/2018,0,2938.712241
9/29/2018,0,2938.712241
9/30/2018,0,2938.712241
10/1/2018,0,2938.712241
10/2/2018,0,2938.712241
10/3/2018,0,2938.712241
10/4/2018,0,2938.712241
10/5/2018,0,2938.712241
10/6/2018,0,2938.712241
10/7/2018,0,2938.712241
10/8/2018,0,2938.712241
10/9/2018,0,2938.712241
10/10/2018,0,2938.712241
10/11/2018,0,2938.712241
10/12/2018,0,2938.712241
10/13/2018,0,2938.712241
10/14/2018,0,2938.712241
10/15/2018,0,2938.712241
10/16/2018,0,2938.712241
10/17/2018,0,2938.712241
10/18/2018,0,2938.712241
10/19/2018,4303.31,2943.015551
10/20/2018,4912.63,2947.928181
10/21/2018,4477.13,2952.405311
10/22/2018,4013.38,2956.418691
10/23/2018,3276.38,2959.695071
10/24/2018,3115.56,2962.810631
10/25/2018,2775.44,2965.586071
10/26/2018,1317.5,2966.903571
10/27/2018,1264.06,2968.167631
10/28/2018,1197.94,2969.365571
10/29/2018,1144.94,2970.510511
10/30/2018,1124.88,2971.635391
10/31/2018,856.31,2972.491701
11/1/2018,932.25,2973.423951
11/2/2018,518.88,2973.942831
11/3/2018,944.56,2974.887391
11/4/2018,992.81,2975.880201
11/5/2018,276.69,2976.156891
11/6/2018,1563.75,2977.720641
11/7/2018,1677.94,2979.398581
11/8/2018,1717.43,2981.116011
11/9/2018,2598.94,2983.714951
11/10/2018,2592.58,2986.307531
11/11/2018,2610.05,2988.917581
11/12/2018,762.28,2989.679861
11/13/2018,1723.54,2991.403401
11/14/2018,2368.4,2993.771801
11/15/2018,2430.63,2996.202431
11/16/2018,2387.42,2998.589851
11/17/2018,2524.62,3001.114471
11/18/2018,2510.18,3003.624651
11/19/2018,2503.07,3006.127721
11/20/2018,2490.41,3008.618131
11/21/2018,2473.18,3011.091311
11/22/2018,2456.65,3013.547961
11/23/2018,2450.3,3015.998261
11/24/2018,2485.14,3018.483401
11/25/2018,2469.43,3020.952831
11/26/2018,2469.07,3023.421901
11/27/2018,2423.1,3025.845001
11/28/2018,2399.27,3028.244271
11/29/2018,2391.27,3030.635541
11/30/2018,2417.9,3033.053441
12/1/2018,2426.35,3035.479791
12/2/2018,2420.82,3037.900611
12/3/2018,2416.23,3040.316841
12/4/2018,2394.89,3042.711731
12/5/2018,2485.72,3045.197451
12/6/2018,2871.87,3048.069321
12/7/2018,3624.99,3051.694311
12/8/2018,3788.19,3055.482501
12/9/2018,3691.44,3059.173941
12/10/2018,3675.69,3062.849631
12/11/2018,3628.74,3066.478371
12/12/2018,3628.04,3070.106411
12/13/2018,3595.45,3073.701861
12/14/2018,3539.77,3077.241631
12/15/2018,3511.85,3080.753481
12/16/2018,3496.06,3084.249541
12/17/2018,3461.82,3087.711361
12/18/2018,3240.85,3090.952211
12/19/2018,3434.32,3094.386531
12/20/2018,3047.83,3097.434361
12/21/2018,2874.86,3100.309221
12/22/2018,2818.77,3103.127991
12/23/2018,2873.31,3106.001301
12/24/2018,2910.05,3108.911351
12/25/2018,2896.76,3111.808111
12/26/2018,2873.69,3114.681801
12/27/2018,2877.36,3117.559161
12/28/2018,2911.19,3120.470351
12/29/2018,2857.48,3123.327831
12/30/2018,2868.28,3126.196111
12/31/2018,3195.63,3129.391741
1/1/2019,3211.05,3132.602791
1/2/2019,3219.72,3135.822511
1/3/2019,3228.56,3139.051071
1/4/2019,3300.27,3142.351341
1/5/2019,3972.27,3146.323611
1/6/2019,3878.89,3150.202501
1/7/2019,3262.48,3153.464981
1/8/2019,3293.98,3156.758961
1/9/2019,3329.72,3160.088681
1/10/2019,4339.09,3164.427771
1/11/2019,4913.45,3169.341221
1/12/2019,4820.41,3174.161631
1/13/2019,4745.61,3178.907241
1/14/2019,4711.88,3183.619121
1/15/2019,4675.8,3188.294921
1/16/2019,4646.47,3192.941391
1/17/2019,4619.78,3197.561171
1/18/2019,3935.59,3201.496761
1/19/2019,3695,3205.191761
1/20/2019,3660.63,3208.852391
1/21/2019,3788.05,3212.640441
1/22/2019,3799.39,3216.439831
1/23/2019,3797.5,3220.237331
1/24/2019,3955.48,3224.192811
1/25/2019,3987.02,3228.179831
1/26/2019,3978,3232.157831
1/27/2019,3996.45,3236.154281
1/28/2019,3981.83,3240.136111
1/29/2019,3977.73,3244.113841
1/30/2019,3936.25,3248.050091
1/31/2019,3849.53,3251.899621
2/1/2019,3848.03,3255.747651
2/2/2019,1467.44,3257.215091
2/3/2019,0,3257.215091
2/4/2019,413.66,3257.628751
2/5/2019,4438.69,3262.067441
2/6/2019,2223.41,3264.290851
2/7/2019,5173.31,3269.464161
2/8/2019,2958.66,3272.422821
2/9/2019,1318.68,3273.741501
2/10/2019,1318.68,3275.060181
2/11/2019,1318.68,3276.378861
2/12/2019,4186.75,3280.565611
2/13/2019,4178.81,3284.744421
2/14/2019,4191.19,3288.935611
2/15/2019,3916.78,3292.852391
2/16/2019,3845.88,3296.698271
2/17/2019,3857.84,3300.556111
2/18/2019,3802.38,3304.358491
2/19/2019,3865.22,3308.223711
2/20/2019,3989.63,3312.213341
2/21/2019,3869.56,3316.082901
2/22/2019,3833.38,3319.916281
2/23/2019,3807.75,3323.724031
2/24/2019,3782.75,3327.506781
2/25/2019,3783.97,3331.290751
2/26/2019,3786.47,3335.077221
2/27/2019,3810.72,3338.887941
2/28/2019,3728.56,3342.616501
3/1/2019,3698.06,3346.314561
3/2/2019,3705.22,3350.019781
3/3/2019,3694.69,3353.714471
3/4/2019,3718.63,3357.433101
3/5/2019,3711.19,3361.144291
3/6/2019,3784.44,3364.928731
3/7/2019,3764.88,3368.693611
3/8/2019,3708.56,3372.402171
3/9/2019,3697.56,3376.099731
3/10/2019,3564.34,3379.664071
3/11/2019,3533.06,3383.197131
3/12/2019,3563.78,3386.760911
3/13/2019,3643.16,3390.404071
3/14/2019,3501.16,3393.905231
3/15/2019,3498.88,3397.404111
3/16/2019,3497.94,3400.902051
3/17/2019,3616.91,3404.518961
3/18/2019,3593.56,3408.112521
3/19/2019,3591.75,3411.704271
3/20/2019,3510.16,3415.214431
3/21/2019,3668.38,3418.882811
3/22/2019,3709.16,3422.591971
3/23/2019,3664.16,3426.256131
3/24/2019,3615.84,3429.871971
3/25/2019,3555.59,3433.427561
3/26/2019,3595.47,3437.023031
3/27/2019,3578.94,3440.601971
3/28/2019,3213,3443.814971
3/29/2019,3508.47,3447.323441
3/30/2019,3491.25,3450.814691
3/31/2019,3474.44,3454.289131
4/1/2019,3471.03,3457.760161
4/2/2019,3488.88,3461.249041
4/3/2019,3459.13,3464.708171
4/4/2019,3427.97,3468.136141
4/5/2019,3410.78,3471.546921
4/6/2019,3400.25,3474.947171
4/7/2019,3393.28,3478.340451
4/8/2019,3390.47,3481.730921
4/9/2019,3373.31,3485.104231
4/10/2019,3362.88,3488.467111
4/11/2019,3355.97,3491.823081
4/12/2019,3346.81,3495.169891
4/13/2019,3330.16,3498.500051
4/14/2019,3329.75,3501.829801
4/15/2019,3323.31,3505.153111
4/16/2019,3317.31,3508.470421
4/17/2019,3152.13,3511.622551
4/18/2019,3137.5,3514.760051
4/19/2019,2686.25,3517.446301
4/20/2019,2698.19,3520.144491
4/21/2019,2736.88,3522.881371
4/22/2019,2752.13,3525.633501
4/23/2019,2749.38,3528.382881
4/24/2019,2745.13,3531.128011
4/25/2019,2754.94,3533.882951
4/26/2019,2747.31,3536.630261
4/27/2019,2747.88,3539.378141
4/28/2019,2752.44,3542.130581
4/29/2019,2736.31,3544.866891
4/30/2019,2606.69,3547.473581
5/1/2019,2282.25,3549.755831
5/2/2019,2329.75,3552.085581
5/3/2019,2300.63,3554.386211
5/4/2019,2304.25,3556.690461
5/5/2019,2316.88,3559.007341
5/6/2019,2327.06,3561.334401
5/7/2019,291.56,3561.625961
5/8/2019,195.25,3561.821211
5/9/2019,353.31,3562.174521
5/10/2019,1308.63,3563.483151
5/11/2019,3081.56,3566.564711
5/12/2019,3571.06,3570.135771
5/13/2019,3557.94,3573.693711
5/14/2019,3626.88,3577.320591
5/15/2019,3575.56,3580.896151
5/16/2019,3495.81,3584.391961
5/17/2019,3195.56,3587.587521
5/18/2019,2930.75,3590.518271
5/19/2019,2756.25,3593.274521
5/20/2019,2564.5,3595.839021
5/21/2019,1950.06,3597.789081
5/22/2019,1841,3599.630081
5/23/2019,1444.31,3601.074391
5/24/2019,1501.69,3602.576081
5/25/2019,1406.31,3603.982391
5/26/2019,1496,3605.478391
5/27/2019,1504.94,3606.983331
5/28/2019,1709.38,3608.692711
5/29/2019,1618.44,3610.311151
5/30/2019,1589.88,3611.901031
5/31/2019,1847.94,3613.748971
6/1/2019,1716,3615.464971
6/2/2019,1559.25,3617.024221
6/3/2019,1846.13,3618.870351
6/4/2019,1977.94,3620.848291
6/5/2019,1863.44,3622.711731
6/6/2019,2047.25,3624.758981
6/7/2019,1852.44,3626.611421
6/8/2019,1762.75,3628.374171
6/9/2019,1720.25,3630.094421
6/10/2019,1645.06,3631.739481
6/11/2019,2057.25,3633.796731
6/12/2019,2017.06,3635.813791
6/13/2019,2075.44,3637.889231
6/14/2019,2305.88,3640.195111
6/15/2019,2119.38,3642.314491
6/16/2019,1861.81,3644.176301
6/17/2019,3084.88,3647.261181
6/18/2019,692.19,3647.953371
6/19/2019,1831.94,3649.785311
6/20/2019,1823.63,3651.608941
6/21/2019,1958.69,3653.567631
6/22/2019,1779.56,3655.347191
6/23/2019,1782.63,3657.129821
6/24/2019,1742.38,3658.872201
6/25/2019,1793.38,3660.665581
6/26/2019,1701.56,3662.367141
6/27/2019,732.69,3663.099831
6/28/2019,3393.63,3666.493461
6/29/2019,1097.13,3667.590591
6/30/2019,0,3667.590591
7/1/2019,0,3667.590591
7/2/2019,865.69,3668.456281
7/3/2019,1160.63,3669.616911
7/4/2019,1240.38,3670.857291
7/5/2019,1319.81,3672.177101
7/6/2019,1400.5,3673.577601
7/7/2019,1366.88,3674.944481
7/8/2019,1501.5,3676.445981
7/9/2019,1930.75,3678.376731
7/10/2019,1736.81,3680.113541
7/11/2019,1813.94,3681.927481
7/12/2019,1332.75,3683.260231
7/13/2019,30.31,3683.290541
7/14/2019,0,3683.290541
7/15/2019,64,3683.354541
7/16/2019,7.06,3683.361601
7/17/2019,0,3683.361601
7/18/2019,0,3683.361601
7/19/2019,0,3683.361601
7/20/2019,0,3683.361601
7/21/2019,0,3683.361601
7/22/2019,0.31,3683.361911
7/23/2019,0.19,3683.362101
7/24/2019,0.13,3683.362231
7/25/2019,2.56,3683.364791
7/26/2019,249.13,3683.613921
7/27/2019,512.94,3684.126861
7/28/2019,530.06,3684.656921
7/29/2019,642.44,3685.299361
7/30/2019,875.94,3686.175301
7/31/2019,1100.69,3687.275991
8/1/2019,636.5,3687.912491
8/2/2019,0,3687.912491
8/3/2019,0,3687.912491
8/4/2019,0,3687.912491
8/5/2019,0,3687.912491
8/6/2019,73.19,3687.985681
8/7/2019,117,3688.102681
8/8/2019,0,3688.102681
8/9/2019,0,3688.102681
8/10/2019,0,3688.102681
8/11/2019,0,3688.102681
8/12/2019,0,3688.102681
8/13/2019,0,3688.102681
8/14/2019,0,3688.102681
8/15/2019,0,3688.102681
8/16/2019,69.88,3688.172561
8/17/2019,1063.25,3689.235811
8/18/2019,1503.63,3690.739441
8/19/2019,1678.94,3692.418381
8/20/2019,1582.63,3694.001011
8/21/2019,1804.5,3695.805511
8/22/2019,1791.38,3697.596891
8/23/2019,1882.38,3699.479271
8/24/2019,2062.81,3701.542081
8/25/2019,1962.25,3703.504331
8/26/2019,1998.13,3705.502461
8/27/2019,2062.06,3707.564521
8/28/2019,2031.38,3709.595901
8/29/2019,2057.63,3711.653531
8/30/2019,2096.13,3713.749661
8/31/2019,2046.94,3715.796601
9/1/2019,2063.38,3717.859981
9/2/2019,1944.19,3719.804171
9/3/2019,1655.5,3721.459671
9/4/2019,1729.56,3723.189231
9/5/2019,1915.13,3725.104361
9/6/2019,1809.5,3726.913861
9/7/2019,2289.69,3729.203551
9/8/2019,1991.75,3731.195301
9/9/2019,1917.88,3733.113181
9/10/2019,1415.44,3734.528621
9/11/2019,863.69,3735.392311
9/12/2019,1160.25,3736.552561
9/13/2019,1198.44,3737.751001
9/14/2019,1162.31,3738.913311
9/15/2019,1108.38,3740.021691
9/16/2019,1497.44,3741.519131
9/17/2019,798.63,3742.317761
9/18/2019,1399,3743.716761
9/19/2019,1724.44,3745.441201
9/20/2019,1787.88,3747.229081
9/21/2019,1832.69,3749.061771
9/22/2019,1839.88,3750.901651
9/23/2019,1363.38,3752.265031
9/24/2019,1061.31,3753.326341
9/25/2019,1514.5,3754.840841
9/26/2019,1642,3756.482841
9/27/2019,2000.19,3758.483031
9/28/2019,919.38,3759.402411
9/29/2019,1295.63,3760.698041
9/30/2019,1347.81,3762.045851
10/1/2019,1559.56,3763.605411
10/2/2019,1436.63,3765.042041
10/3/2019,1295.5,3766.337541
10/4/2019,1814.19,3768.151731
10/5/2019,1937.06,3770.088791
10/6/2019,1467.81,3771.556601
10/7/2019,2009.06,3773.565661
10/8/2019,1326.69,3774.892351
10/9/2019,1623.88,3776.516231
10/10/2019,1614.19,3778.130421
10/11/2019,1622.94,3779.753361
10/12/2019,1929.94,3781.683301
10/13/2019,2327.94,3784.011241
10/14/2019,2093.31,3786.104551
10/15/2019,2062.75,3788.167301
10/16/2019,1643.69,3789.810991
10/17/2019,2364.75,3792.175741
10/18/2019,857.38,3793.033121
10/19/2019,1227.44,3794.260561
10/20/2019,997.63,3795.258191
10/21/2019,1103.88,3796.362071
10/22/2019,826.13,3797.188201
10/23/2019,1330.31,3798.518511
10/24/2019,1546.56,3800.065071
10/25/2019,1327.56,3801.392631
10/26/2019,1896.69,3803.289321
10/27/2019,1856.19,3805.145511
10/28/2019,1508.25,3806.653761
10/29/2019,1201.06,3807.854821
10/30/2019,1416.69,3809.271511
10/31/2019,1412.63,3810.684141
11/1/2019,1543.13,3812.227271
11/2/2019,1993.38,3814.220651
11/3/2019,1184.06,3815.404711
11/4/2019,1220.13,3816.624841
11/5/2019,1043.63,3817.668471
11/6/2019,1309.38,3818.977851
11/7/2019,374.69,3819.352541
11/8/2019,2014.56,3821.367101
11/9/2019,2343.44,3823.710541
11/10/2019,2900.06,3826.610601
11/11/2019,4020.06,3830.630661
11/12/2019,1474.31,3832.104971
11/13/2019,3473.75,3835.578721
11/14/2019,3802,3839.380721
11/15/2019,3309.25,3842.689971
11/16/2019,3314.69,3846.004661
11/17/2019,3322.44,3849.327101
11/18/2019,3110.94,3852.438041
11/19/2019,3415.19,3855.853231
11/20/2019,3516,3859.369231
11/21/2019,3704.81,3863.074041
11/22/2019,2989.75,3866.063791
11/23/2019,3703.13,3869.766921
11/24/2019,3422,3873.188921
11/25/2019,3622.06,3876.810981
11/26/2019,3433.69,3880.244671
11/27/2019,2908.94,3883.153611
11/28/2019,3027.63,3886.181241
11/29/2019,3635.06,3889.816301
11/30/2019,3681.5,3893.497801
12/1/2019,3540.25,3897.038051
12/2/2019,3466.75,3900.504801
12/3/2019,3940.81,3904.445611
12/4/2019,3959.81,3908.405421
12/5/2019,3914.31,3912.319731
12/6/2019,3405.5,3915.725231
12/7/2019,3429.69,3919.154921
12/8/2019,3676,3922.830921
12/9/2019,3465.25,3926.296171
12/10/2019,2775.19,3929.071361
12/11/2019,3806.06,3932.877421
12/12/2019,3897.06,3936.774481
12/13/2019,3889.13,3940.663611
12/14/2019,5730.25,3946.393861
12/15/2019,1924.31,3948.318171
12/16/2019,3782.88,3952.101051
12/17/2019,3757.81,3955.858861
12/18/2019,3794.38,3959.653241
12/19/2019,3803.88,3963.457121
12/20/2019,3781.44,3967.238561
12/21/2019,3741.94,3970.980501
12/22/2019,3734,3974.714501
12/23/2019,3717.29,3978.431791
12/24/2019,3704.06,3982.135851
12/25/2019,3671.02,3985.806871
12/26/2019,3625.46,3989.432331
12/27/2019,3434.18,3992.866511
12/28/2019,3479.63,3996.346141
12/29/2019,3543.3,3999.889441
12/30/2019,3048.02,4002.937461
12/31/2019,3473.05,4006.410511
1/1/2020,3590.1,4010.000611
1/2/2020,3575.23,4013.575841
1/3/2020,3556.85,4017.132691
1/4/2020,3448.34,4020.581031
1/5/2020,3507.05,4024.088081
1/6/2020,3526.43,4027.614511
1/7/2020,3515.53,4031.130041
1/8/2020,3504.43,4034.634471
1/9/2020,3485.87,4038.120341
1/10/2020,3473.03,4041.593371
1/11/2020,3351.08,4044.944451
1/12/2020,2277.72,4047.222171
1/13/2020,3512.81,4050.734981
1/14/2020,3444.74,4054.179721
1/15/2020,3414.8,4057.594521
1/16/2020,3345.93,4060.940451
1/17/2020,3379.71,4064.320161
1/18/2020,3369.96,4067.690121
1/19/2020,3366.67,4071.056791
1/20/2020,3347.61,4074.404401
1/21/2020,3335.48,4077.739881
1/22/2020,3323.95,4081.063831
1/23/2020,3313.85,4084.377681
1/24/2020,3294.42,4087.672101
1/25/2020,3291.19,4090.963291
1/26/2020,3289.9,4094.253191
1/27/2020,3280.2,4097.533391
1/28/2020,3272.84,4100.806231
1/29/2020,3260.22,4104.066451
1/30/2020,3256.84,4107.323291
1/31/2020,3249.36,4110.572651
2/1/2020,3643.58,4114.216231
2/2/2020,2856.23,4117.072461
2/3/2020,3235.89,4120.308351
2/4/2020,3146.8,4123.455151
2/5/2020,3209.7,4126.664851
2/6/2020,3210.58,4129.875431
2/7/2020,3547.2,4133.422631
2/8/2020,2861.91,4136.284541
2/9/2020,3195.14,4139.479681
2/10/2020,3191.14,4142.670821
2/11/2020,3184.84,4145.855661
2/12/2020,3169.16,4149.024821
2/13/2020,3171.92,4152.196741
2/14/2020,3156.98,4155.353721
2/15/2020,3154.48,4158.508201
2/16/2020,3141.83,4161.650031
2/17/2020,3130.39,4164.780421
2/18/2020,3132.33,4167.912751
2/19/2020,3123.8,4171.036551
2/20/2020,3117.75,4174.154301
2/21/2020,3102.84,4177.257141
2/22/2020,3110,4180.367141
2/23/2020,3095.58,4183.462721
2/24/2020,3085.95,4186.548671
2/25/2020,3088.39,4189.637061
2/26/2020,3083.39,4192.720451
2/27/2020,3079.16,4195.799611
2/28/2020,3074.02,4198.873631
2/29/2020,3064.2,4201.937831
3/1/2020,3059.16,4204.996991
3/2/2020,3040.02,4208.037011
3/3/2020,3045,4211.082011
3/4/2020,3035,4214.117011
3/5/2020,3026.17,4217.143181
3/6/2020,3026.78,4220.169961
3/7/2020,3015.77,4223.185731
3/8/2020,3011.25,4226.196981
3/9/2020,3009.66,4229.206641
3/10/2020,2955.38,4232.162021
3/11/2020,2986.34,4235.148361
3/12/2020,2995.97,4238.144331
3/13/2020,2635.22,4240.779551
3/14/2020,2910.81,4243.690361
3/15/2020,2982.38,4246.672741
3/16/2020,2984.53,4249.657271
3/17/2020,3000.06,4252.657331
3/18/2020,2995.56,4255.652891
3/19/2020,2950.13,4258.603021
3/20/2020,2187.44,4260.790461
3/21/2020,2418.94,4263.209401
3/22/2020,3194.94,4266.404341
3/23/2020,2870.22,4269.274561
3/24/2020,2996.28,4272.270841
3/25/2020,2979.75,4275.250591
3/26/2020,2976.44,4278.227031
3/27/2020,2633.38,4280.860411
3/28/2020,2685.91,4283.546321
3/29/2020,1173.22,4284.719541
3/30/2020,1618.84,4286.338381
3/31/2020,2780.09,4289.118471
4/1/2020,2768.06,4291.886531
4/2/2020,2730.66,4294.617191
4/3/2020,2939.91,4297.557101
4/4/2020,2901.22,4300.458321
4/5/2020,2662.47,4303.120791
4/6/2020,2434.97,4305.555761
4/7/2020,1451.97,4307.007731
4/8/2020,2012.34,4309.020071
4/9/2020,1985.22,4311.005291
4/10/2020,3037.78,4314.043071
4/11/2020,3016.72,4317.059791
4/12/2020,2951.44,4320.011231
4/13/2020,2077.81,4322.089041
4/14/2020,2738.69,4324.827731
4/15/2020,2975.06,4327.802791
4/16/2020,2936.66,4330.739451
4/17/2020,2919.56,4333.659011
4/18/2020,2912.41,4336.571421
4/19/2020,2894.84,4339.466261
4/20/2020,2886.34,4342.352601
4/21/2020,2810.66,4345.163261
4/22/2020,2874.75,4348.038011
4/23/2020,2871.31,4350.909321
4/24/2020,2818.16,4353.727481
4/25/2020,2813.78,4356.541261
4/26/2020,2339.22,4358.880481
4/27/2020,2775.09,4361.655571
4/28/2020,2834.06,4364.489631
4/29/2020,2791.91,4367.281541
4/30/2020,1967.69,4369.249231
5/1/2020,2788.41,4372.037641
5/2/2020,2861.75,4374.899391
5/3/2020,1780.31,4376.679701
5/4/2020,1812.72,4378.492421
5/5/2020,2532.91,4381.025331
5/6/2020,2913.25,4383.938581
5/7/2020,2880.16,4386.818741
5/8/2020,2766.53,4389.585271
5/9/2020,2817.22,4392.402491
5/10/2020,2814.22,4395.216711
5/11/2020,2721.91,4397.938621
5/12/2020,2807.84,4400.746461
5/13/2020,2804.53,4403.550991
5/14/2020,2676.66,4406.227651
5/15/2020,2314.34,4408.541991
5/16/2020,1437.88,4409.979871
5/17/2020,1254.53,4411.234401
5/18/2020,1465.28,4412.699681
5/19/2020,1565.41,4414.265091
5/20/2020,2656.44,4416.921531
5/21/2020,2804.34,4419.725871
5/22/2020,2507.03,4422.232901
5/23/2020,1891.84,4424.124741
5/24/2020,1648.09,4425.772831
5/25/2020,1477.84,4427.250671
5/26/2020,2376.44,4429.627111
5/27/2020,2444.38,4432.071491
5/28/2020,2510.13,4434.581621
5/29/2020,1841.97,4436.423591
5/30/2020,1055.59,4437.479181
5/31/2020,1332.75,4438.811931
6/1/2020,1916.41,4440.728341
6/2/2020,1664.44,4442.392781
6/3/2020,1415.03,4443.807811
6/4/2020,268.69,4444.076501
6/5/2020,485.94,4444.562441
6/6/2020,140.28,4444.702721
6/7/2020,427.66,4445.130381
6/8/2020,427.66,4445.558041
6/9/2020,826.5,4446.384541
6/10/2020,334.97,4446.719511
6/11/2020,87.81,4446.807321
6/12/2020,394.22,4447.201541
6/13/2020,130.41,4447.331951
6/14/2020,650.63,4447.982581
6/15/2020,1047.84,4449.030421
6/16/2020,721.09,4449.751511
6/17/2020,651,4450.402511
6/18/2020,881.72,4451.284231
6/19/2020,674.13,4451.958361
6/20/2020,657.75,4452.616111
6/21/2020,399.63,4453.015741
6/22/2020,747.91,4453.763651
6/23/2020,892.56,4454.656211
6/24/2020,980.22,4455.636431
6/25/2020,1596.91,4457.233341
6/26/2020,1799.63,4459.032971
6/27/2020,1520.31,4460.553281
6/28/2020,1492.19,4462.045471
6/29/2020,1363.16,4463.408631
6/30/2020,1359.03,4464.767661
7/1/2020,1309.38,4466.077041
7/2/2020,1443.41,4467.520451
7/3/2020,1411.59,4468.932041
7/4/2020,1360.81,4470.292851
7/5/2020,1172.34,4471.465191
7/6/2020,1153.69,4472.618881
7/7/2020,1156.66,4473.775541
7/8/2020,1263.56,4475.039101
7/9/2020,415.31,4475.454411
7/10/2020,1513.56,4476.967971
7/11/2020,1692.19,4478.660161
7/12/2020,1849.75,4480.509911
7/13/2020,1927.28,4482.437191
7/14/2020,1317.94,4483.755131
7/15/2020,434.72,4484.189851
7/16/2020,847.28,4485.037131
7/17/2020,1211.03,4486.248161
7/18/2020,1305.34,4487.553501
7/19/2020,1126.84,4488.680341
7/20/2020,1282.19,4489.962531
7/21/2020,1544.03,4491.506561
7/22/2020,1487.53,4492.994091
7/23/2020,1415.13,4494.409221
7/24/2020,1528.88,4495.938101
7/25/2020,1323.56,4497.261661
7/26/2020,872.81,4498.134471
7/27/2020,1160.94,4499.295411
7/28/2020,1393.94,4500.689351
7/29/2020,1182.25,4501.871601
7/30/2020,1201.63,4503.073231
7/31/2020,1590.69,4504.663921
8/1/2020,1047.88,4505.711801
8/2/2020,1192.44,4506.904241
8/3/2020,1530.38,4508.434621
8/4/2020,1488.88,4509.923501
8/5/2020,373.19,4510.296691
8/6/2020,644.06,4510.940751
8/7/2020,843.31,4511.784061
8/8/2020,1043.94,4512.828001
8/9/2020,1114.38,4513.942381
8/10/2020,1126.31,4515.068691
8/11/2020,1122.75,4516.191441
8/12/2020,1170.19,4517.361631
8/13/2020,1491.44,4518.853071
8/14/2020,1351.31,4520.204381
8/15/2020,1308.25,4521.512631
8/16/2020,1579.75,4523.092381
8/17/2020,1154,4524.246381
8/18/2020,584.5,4524.830881
8/19/2020,937.25,4525.768131
8/20/2020,1166.38,4526.934511
8/21/2020,1097.13,4528.031641
8/22/2020,1009.06,4529.040701
8/23/2020,1000.13,4530.040831
8/24/2020,1036.88,4531.077711
8/25/2020,1122.69,4532.200401
8/26/2020,1133.5,4533.333901
8/27/2020,1062.31,4534.396211
8/28/2020,2469.88,4536.866091
8/29/2020,1893,4538.759091
8/30/2020,1885.75,4540.644841
8/31/2020,2092.63,4542.737471
9/1/2020,772.88,4543.510351
9/2/2020,1679.88,4545.190231
9/3/2020,2349.69,4547.539921
9/4/2020,2501.88,4550.041801
9/5/2020,2669.81,4552.711611
9/6/2020,2475.25,4555.186861
9/7/2020,2363.88,4557.550741
9/8/2020,2449.44,4560.000181
9/9/2020,2246.31,4562.246491
9/10/2020,2282.44,4564.528931
9/11/2020,2324.63,4566.853561
9/12/2020,2518.81,4569.372371
9/13/2020,2221.31,4571.593681
9/14/2020,2573.56,4574.167241
9/15/2020,3041.19,4577.208431
9/16/2020,3155.44,4580.363871
9/17/2020,2915.88,4583.279751
9/18/2020,2820.13,4586.099881
9/19/2020,3303.13,4589.403011
9/20/2020,3402.56,4592.805571
9/21/2020,3362,4596.167571
9/22/2020,3301.19,4599.468761
9/23/2020,3278.69,4602.747451
9/24/2020,3058,4605.805451
9/25/2020,1750.56,4607.556011
9/26/2020,2821.63,4610.377641
9/27/2020,2834.56,4613.212201
9/28/2020,2818.38,4616.030581
9/29/2020,2782.63,4618.813211
9/30/2020,2892.88,4621.706091
10/1/2020,2856.81,4624.562901
10/2/2020,2839.75,4627.402651
10/3/2020,2827.69,4630.230341
10/4/2020,2818.38,4633.048721
10/5/2020,2788.75,4635.837471
10/6/2020,2776.3125,4638.613784
10/7/2020,2764,4641.377784
10/8/2020,2758.9375,4644.136721
10/9/2020,2756.9375,4646.893659
10/10/2020,2740.6875,4649.634346
10/11/2020,2728.4375,4652.362784
10/12/2020,2714.1875,4655.076971
10/13/2020,2709.125,4657.786096
10/14/2020,2701.25,4660.487346
10/15/2020,2509,4662.996346
10/16/2020,2325.1875,4665.321534
10/17/2020,2798.6875,4668.120221
10/18/2020,2780.875,4670.901096
10/19/2020,2762.8125,4673.663909
10/20/2020,2747.1875,4676.411096
10/21/2020,3867.375,4680.278471
10/22/2020,1414.3125,4681.692784
10/23/2020,2535.9375,4684.228721
10/24/2020,2325.6875,4686.554409
10/25/2020,2725.1875,4689.279596
10/26/2020,2720.5625,4692.000159
10/27/2020,2704.4375,4694.704596
10/28/2020,2702.25,4697.406846
10/29/2020,2684.3125,4700.091159
10/30/2020,2683.75,4702.774909
10/31/2020,2680.1875,4705.455096
11/1/2020,2671.1875,4708.126284
11/2/2020,2646,4710.772284
11/3/2020,2627.9375,4713.400221
11/4/2020,2643.5625,4716.043784
11/5/2020,2629.8125,4718.673596
11/6/2020,2634.25,4721.307846
11/7/2020,2623.6875,4723.931534
11/8/2020,2620.5,4726.552034
11/9/2020,2613.75,4729.165784
11/10/2020,2608.875,4731.774659
11/11/2020,2559.0625,4734.333721
11/12/2020,2585.6875,4736.919409
11/13/2020,2585,4739.504409
11/14/2020,2583,4742.087409
11/15/2020,2577,4744.664409
11/16/2020,2572.6875,4747.237096
11/17/2020,2573.1875,4749.810284
11/18/2020,2571.75,4752.382034
11/19/2020,2559.0625,4754.941096
11/20/2020,2565.3125,4757.506409
11/21/2020,2552.4375,4760.058846
11/22/2020,2544.625,4762.603471
11/23/2020,2537.9375,4765.141409
11/24/2020,2525.1875,4767.666596
11/25/2020,2532.125,4770.198721
11/26/2020,2534.75,4772.733471
11/27/2020,2528.9375,4775.262409
11/28/2020,2520.9375,4777.783346
11/29/2020,2511.1875,4780.294534
11/30/2020,2510.9375,4782.805471
12/1/2020,2504.4375,4785.309909
12/2/2020,2503,4787.812909
12/3/2020,2689.8125,4790.502721
12/4/2020,2725.5625,4793.228284
12/5/2020,2584.9375,4795.813221
12/6/2020,2525.3125,4798.338534
12/7/2020,2489.8125,4800.828346
12/8/2020,2644.75,4803.473096
12/9/2020,2680.0625,4806.153159
12/10/2020,2678.125,4808.831284
12/11/2020,2666.9375,4811.498221
12/12/2020,2656.75,4814.154971
12/13/2020,2652.5625,4816.807534
12/14/2020,2636.5625,4819.444096
12/15/2020,2628.75,4822.072846
12/16/2020,2614.5,4824.687346
12/17/2020,2616.5625,4827.303909
12/18/2020,2596.3125,4829.900221
12/19/2020,2573.8125,4832.474034
12/20/2020,2570.875,4835.044909
12/21/2020,2557.875,4837.602784
12/22/2020,2552.5,4840.155284
12/23/2020,2550.75,4842.706034
12/24/2020,2553.375,4845.259409
12/25/2020,2546.25,4847.805659
12/26/2020,2542,4850.347659
12/27/2020,2531.3125,4852.878971
12/28/2020,2527.125,4855.406096
12/29/2020,2526.5625,4857.932659
12/30/2020,2534.3125,4860.466971
12/31/2020,2513.75,4862.980721
1/1/2021,2508.75,4865.489471
1/2/2021,2503.44,4867.992911
1/3/2021,2503.5,4870.496411
1/4/2021,2501.88,4872.998291
1/5/2021,2493.06,4875.491351
1/6/2021,2489.75,4877.981101
1/7/2021,2474.38,4880.455481
1/8/2021,2556.38,4883.011861
1/9/2021,2582.69,4885.594551
1/10/2021,2594.81,4888.189361
1/11/2021,2593.94,4890.783301
1/12/2021,2587.56,4893.370861
1/13/2021,2577.5,4895.948361
1/14/2021,2565.81,4898.514171
1/15/2021,2565,4901.079171
1/16/2021,2562.75,4903.641921
1/17/2021,2557.63,4906.199551
1/18/2021,2552.31,4908.751861
1/19/2021,2550.94,4911.302801
1/20/2021,2544,4913.846801
1/21/2021,2538.13,4916.384931
1/22/2021,2536.13,4918.921061
1/23/2021,2538.31,4921.459371
1/24/2021,2526.5,4923.985871
1/25/2021,2529.56,4926.515431
1/26/2021,2528.94,4929.044371
1/27/2021,2517.56,4931.561931
1/28/2021,2514.75,4934.076681
1/29/2021,2513.56,4936.590241
1/30/2021,2504.06,4939.094301
1/31/2021,2501.56,4941.595861
2/1/2021,2500.69,4944.096551
2/2/2021,2494.69,4946.591241
2/3/2021,2486.19,4949.077431
2/4/2021,2481.06,4951.558491
2/5/2021,2483.63,4954.042121
2/6/2021,2477.75,4956.519871
2/7/2021,2481.06,4959.000931
2/8/2021,2473.38,4961.474311
2/9/2021,2464.56,4963.938871
2/10/2021,2457.56,4966.396431
2/11/2021,2448.48,4968.844911
2/12/2021,2451.54,4971.296451
2/13/2021,2447.21,4973.743661
2/14/2021,2441.16,4976.184821
2/15/2021,2435.91,4978.620731
2/16/2021,2434.69,4981.055421
2/17/2021,2441.22,4983.496641
2/18/2021,2435.74,4985.932381
2/19/2021,2433.8,4988.366181
2/20/2021,2429.04,4990.795221
2/21/2021,2421.18,4993.216401
2/22/2021,2428.54,4995.644941
2/23/2021,2415.74,4998.060681
2/24/2021,2421.69,5000.482371
2/25/2021,2411.46,5002.893831
2/26/2021,2411.39,5005.305221
2/27/2021,2409.91,5007.715131
2/28/2021,2405.75,5010.120881
3/1/2021,2404.57,5012.525451
3/2/2021,2402.92,5014.928371
3/3/2021,2397.75,5017.326121
3/4/2021,2412.05,5019.738171
3/5/2021,2406.32,5022.144491
3/6/2021,2405.09,5024.549581
3/7/2021,2397.08,5026.946661
3/8/2021,2390.36,5029.337021
3/9/2021,2388.11,5031.725131
3/10/2021,2385.96,5034.111091
3/11/2021,2382.07,5036.493161
3/12/2021,2388.95,5038.882111
3/13/2021,2372.95,5041.255061
3/14/2021,2374.17,5043.629231
3/15/2021,2373.13,5046.002361
3/16/2021,2367.55,5048.369911
3/17/2021,2367.59,5050.737501
3/18/2021,2370.18,5053.107681
3/19/2021,2363.83,5055.471511
3/20/2021,2366.21,5057.837721
3/21/2021,2360.43,5060.198151
3/22/2021,2359.24,5062.557391
3/23/2021,2351.45,5064.908841
3/24/2021,2351.63,5067.260471
3/25/2021,2345.16,5069.605631
3/26/2021,2346.94,5071.952571
3/27/2021,2352.81,5074.305381
3/28/2021,2345.65,5076.651031
3/29/2021,2345.93,5078.996961
3/30/2021,2335.95,5081.332911
3/31/2021,2335.92,5083.668831
4/1/2021,2332.02,5086.000851
4/2/2021,2332.29,5088.333141
4/3/2021,2334.09,5090.667231
4/4/2021,2331.03,5092.998261
4/5/2021,2319.63,5095.317891
4/6/2021,2324.59,5097.642481
4/7/2021,2319.53,5099.962011
4/8/2021,2307.17,5102.269181
4/9/2021,2309.11,5104.578291
4/10/2021,2314.19,5106.892481
4/11/2021,2305.16,5109.197641
4/12/2021,2307.13,5111.504771
4/13/2021,2305.5,5113.810271
4/14/2021,2297.36,5116.107631
4/15/2021,2291.92,5118.399551
4/16/2021,2294.02,5120.693571
4/17/2021,2290.78,5122.984351
4/18/2021,2289.25,5125.273601
4/19/2021,2291.3,5127.564901
4/20/2021,2283.84,5129.848741
4/21/2021,2282.8,5132.131541
4/22/2021,2284.44,5134.415981
4/23/2021,2276.14,5136.692121
4/24/2021,2272.69,5138.964811
4/25/2021,2281.09,5141.245901
4/26/2021,2277.53,5143.523431
4/27/2021,2269.36,5145.792791
4/28/2021,2276.69,5148.069481
4/29/2021,2273.36,5150.342841
4/30/2021,2273.64,5152.616481
5/1/2021,2271.36,5154.887841
5/2/2021,2268.69,5157.156531
5/3/2021,2266.19,5159.422721
5/4/2021,2266.45,5161.689171
5/5/2021,2254.31,5163.943481
5/6/2021,2256.02,5166.199501
5/7/2021,2256.22,5168.455721
5/8/2021,2248.34,5170.704061
5/9/2021,2252.53,5172.956591
5/10/2021,2244.08,5175.200671
5/11/2021,2244.23,5177.444901
5/12/2021,2247.75,5179.692651
5/13/2021,2237.8,5181.930451
5/14/2021,2239.34,5184.169791
5/15/2021,2229.59,5186.399381
5/16/2021,2228.14,5188.627521
5/17/2021,2229.84,5190.857361
5/18/2021,2232.7,5193.090061
5/19/2021,2219.61,5195.309671
5/20/2021,2217.28,5197.526951
5/21/2021,2213.8,5199.740751
5/22/2021,2201.5,5201.942251
5/23/2021,2191.16,5204.133411
5/24/2021,2175.75,5206.309161
5/25/2021,2205.31,5208.514471
5/26/2021,2202.09,5210.716561
5/27/2021,2209.16,5212.925721
5/28/2021,2198.73,5215.124451
5/29/2021,2195.72,5217.320171
5/30/2021,2190.22,5219.510391
5/31/2021,2192.14,5221.702531
6/1/2021,2186.11,5249.49245
6/2/2021,2195.36,5251.68781
6/3/2021,2181.19,5253.869
6/4/2021,2203.38,5256.07238
6/5/2021,2196.91,5258.26929
6/6/2021,2199.03,5260.46832
6/7/2021,1007.59,5261.47591
6/8/2021,1641.44,5263.11735
6/9/2021,1681.81,5264.79916
6/10/2021,1725.06,5266.52422
6/11/2021,1747.25,5268.27147
6/12/2021,1684.47,5269.95594
6/13/2021,1406.38,5271.36232
6/14/2021,1700.13,5273.06245
6/15/2021,1979.38,5275.04183
6/16/2021,2145.59,5277.18742
6/17/2021,2168.69,5279.35611
6/18/2021,2228.63,5281.58474
6/19/2021,2172.22,5283.75696
6/20/2021,2202.66,5285.95962
6/21/2021,2223,5288.18262
6/22/2021,2215.34,5290.39796
6/23/2021,2236.75,5292.63471
6/24/2021,2227.25,5294.86196
6/25/2021,2232.06,5297.09402
6/26/2021,2213.94,5299.30796
6/27/2021,2219.81,5301.52777
6/28/2021,2215.53,5303.7433
6/29/2021,2162.19,5305.90549
6/30/2021,2035.91,5307.9414
7/1/2021,1989.59,5309.93099
7/2/2021,2159.28,5312.09027
7/3/2021,2195.19,5314.28546
7/4/2021,2196.72,5316.48218
7/5/2021,2192.84,5318.67502
7/6/2021,2187.06,5320.86208
7/7/2021,1940.69,5322.80277
7/8/2021,1946.31,5324.74908
